-- MySQL dump 10.13  Distrib 5.7.24, for Win64 (x86_64)
--
-- Host: 127.0.0.1    Database: db_batubara_new
-- ------------------------------------------------------
-- Server version	5.7.24

/*!40101 SET @OLD_CHARACTER_SET_CLIENT=@@CHARACTER_SET_CLIENT */;
/*!40101 SET @OLD_CHARACTER_SET_RESULTS=@@CHARACTER_SET_RESULTS */;
/*!40101 SET @OLD_COLLATION_CONNECTION=@@COLLATION_CONNECTION */;
/*!40101 SET NAMES utf8 */;
/*!40103 SET @OLD_TIME_ZONE=@@TIME_ZONE */;
/*!40103 SET TIME_ZONE='+00:00' */;
/*!40014 SET @OLD_UNIQUE_CHECKS=@@UNIQUE_CHECKS, UNIQUE_CHECKS=0 */;
/*!40014 SET @OLD_FOREIGN_KEY_CHECKS=@@FOREIGN_KEY_CHECKS, FOREIGN_KEY_CHECKS=0 */;
/*!40101 SET @OLD_SQL_MODE=@@SQL_MODE, SQL_MODE='NO_AUTO_VALUE_ON_ZERO' */;
/*!40111 SET @OLD_SQL_NOTES=@@SQL_NOTES, SQL_NOTES=0 */;

--
-- Table structure for table `failed_jobs`
--

DROP TABLE IF EXISTS `failed_jobs`;
/*!40101 SET @saved_cs_client     = @@character_set_client */;
/*!40101 SET character_set_client = utf8 */;
CREATE TABLE `failed_jobs` (
  `id` bigint(20) unsigned NOT NULL AUTO_INCREMENT,
  `uuid` varchar(255) COLLATE utf8mb4_unicode_ci NOT NULL,
  `connection` text COLLATE utf8mb4_unicode_ci NOT NULL,
  `queue` text COLLATE utf8mb4_unicode_ci NOT NULL,
  `payload` longtext COLLATE utf8mb4_unicode_ci NOT NULL,
  `exception` longtext COLLATE utf8mb4_unicode_ci NOT NULL,
  `failed_at` timestamp NOT NULL DEFAULT CURRENT_TIMESTAMP,
  PRIMARY KEY (`id`),
  UNIQUE KEY `failed_jobs_uuid_unique` (`uuid`)
) ENGINE=InnoDB DEFAULT CHARSET=utf8mb4 COLLATE=utf8mb4_unicode_ci;
/*!40101 SET character_set_client = @saved_cs_client */;

--
-- Dumping data for table `failed_jobs`
--

LOCK TABLES `failed_jobs` WRITE;
/*!40000 ALTER TABLE `failed_jobs` DISABLE KEYS */;
/*!40000 ALTER TABLE `failed_jobs` ENABLE KEYS */;
UNLOCK TABLES;

--
-- Table structure for table `file`
--

DROP TABLE IF EXISTS `file`;
/*!40101 SET @saved_cs_client     = @@character_set_client */;
/*!40101 SET character_set_client = utf8 */;
CREATE TABLE `file` (
  `id` int(11) NOT NULL AUTO_INCREMENT,
  `file_id` varchar(500) NOT NULL,
  `parent_file_id` int(11) NOT NULL,
  `name_origin` text NOT NULL,
  `name_random` text NOT NULL,
  `path` varchar(500) NOT NULL,
  `size` varchar(500) DEFAULT NULL,
  `created_at` timestamp NULL DEFAULT NULL,
  `updated_at` timestamp NULL DEFAULT NULL,
  PRIMARY KEY (`id`),
  UNIQUE KEY `file_id` (`file_id`)
) ENGINE=InnoDB DEFAULT CHARSET=latin1;
/*!40101 SET character_set_client = @saved_cs_client */;

--
-- Dumping data for table `file`
--

LOCK TABLES `file` WRITE;
/*!40000 ALTER TABLE `file` DISABLE KEYS */;
/*!40000 ALTER TABLE `file` ENABLE KEYS */;
UNLOCK TABLES;

--
-- Table structure for table `harga`
--

DROP TABLE IF EXISTS `harga`;
/*!40101 SET @saved_cs_client     = @@character_set_client */;
/*!40101 SET character_set_client = utf8 */;
CREATE TABLE `harga` (
  `id` int(11) NOT NULL AUTO_INCREMENT,
  `tujuan_id` int(11) DEFAULT NULL,
  `transportir_id` int(11) DEFAULT NULL,
  `harga` int(11) DEFAULT NULL,
  `tanggal` date DEFAULT NULL,
  `created_at` timestamp NULL DEFAULT NULL,
  `updated_at` timestamp NULL DEFAULT NULL,
  PRIMARY KEY (`id`),
  KEY `FK_harga_tujuan` (`tujuan_id`),
  KEY `FK_harga_transportir` (`transportir_id`),
  CONSTRAINT `FK_harga_transportir` FOREIGN KEY (`transportir_id`) REFERENCES `transportir` (`id`),
  CONSTRAINT `FK_harga_tujuan` FOREIGN KEY (`tujuan_id`) REFERENCES `tujuan` (`id`)
) ENGINE=InnoDB AUTO_INCREMENT=98 DEFAULT CHARSET=latin1 ROW_FORMAT=DYNAMIC;
/*!40101 SET character_set_client = @saved_cs_client */;

--
-- Dumping data for table `harga`
--

LOCK TABLES `harga` WRITE;
/*!40000 ALTER TABLE `harga` DISABLE KEYS */;
INSERT INTO `harga` VALUES (87,3,3,15000,'2023-01-15','2023-01-07 17:53:28','2023-01-07 17:53:28'),(94,3,3,13000,'2023-01-13','2023-01-07 17:53:28','2023-01-15 15:22:22'),(95,3,1,19000,'2023-01-19','2023-01-15 16:19:36','2023-01-15 16:19:36'),(96,3,3,11000,'2023-01-11','2023-01-07 17:53:28','2023-01-07 17:53:28'),(97,3,3,10000,'2023-01-10','2023-01-07 17:53:28','2023-01-15 15:22:22');
/*!40000 ALTER TABLE `harga` ENABLE KEYS */;
UNLOCK TABLES;

--
-- Table structure for table `migrations`
--

DROP TABLE IF EXISTS `migrations`;
/*!40101 SET @saved_cs_client     = @@character_set_client */;
/*!40101 SET character_set_client = utf8 */;
CREATE TABLE `migrations` (
  `id` int(10) unsigned NOT NULL AUTO_INCREMENT,
  `migration` varchar(255) COLLATE utf8mb4_unicode_ci NOT NULL,
  `batch` int(11) NOT NULL,
  PRIMARY KEY (`id`)
) ENGINE=InnoDB AUTO_INCREMENT=7 DEFAULT CHARSET=utf8mb4 COLLATE=utf8mb4_unicode_ci;
/*!40101 SET character_set_client = @saved_cs_client */;

--
-- Dumping data for table `migrations`
--

LOCK TABLES `migrations` WRITE;
/*!40000 ALTER TABLE `migrations` DISABLE KEYS */;
INSERT INTO `migrations` VALUES (1,'2014_10_12_000000_create_users_table',1),(2,'2014_10_12_100000_create_password_resets_table',1),(3,'2019_08_19_000000_create_failed_jobs_table',1),(4,'2019_12_14_000001_create_personal_access_tokens_table',1),(5,'2022_03_19_102456_create_permission_tables',1),(6,'2022_03_29_105225_create_settings_table',1);
/*!40000 ALTER TABLE `migrations` ENABLE KEYS */;
UNLOCK TABLES;

--
-- Table structure for table `mobil`
--

DROP TABLE IF EXISTS `mobil`;
/*!40101 SET @saved_cs_client     = @@character_set_client */;
/*!40101 SET character_set_client = utf8 */;
CREATE TABLE `mobil` (
  `id` int(11) NOT NULL AUTO_INCREMENT,
  `plat` char(50) DEFAULT NULL,
  `mobil_jenis_id` int(11) NOT NULL,
  `pemilik_mobil_id` int(11) NOT NULL,
  `created_at` timestamp NULL DEFAULT NULL,
  `updated_at` timestamp NULL DEFAULT NULL,
  PRIMARY KEY (`id`),
  KEY `FK_mobil_pemilik_mobil` (`pemilik_mobil_id`) USING BTREE,
  KEY `FK_mobil_mobil_jenis` (`mobil_jenis_id`) USING BTREE,
  CONSTRAINT `FK_mobil_pemilik_mobil` FOREIGN KEY (`pemilik_mobil_id`) REFERENCES `pemilik_mobil` (`id`) ON DELETE CASCADE ON UPDATE CASCADE
) ENGINE=InnoDB AUTO_INCREMENT=36 DEFAULT CHARSET=latin1;
/*!40101 SET character_set_client = @saved_cs_client */;

--
-- Dumping data for table `mobil`
--

LOCK TABLES `mobil` WRITE;
/*!40000 ALTER TABLE `mobil` DISABLE KEYS */;
INSERT INTO `mobil` VALUES (1,'B 981 OPL',2,1,'2023-01-03 18:06:46','2023-01-06 06:53:55'),(2,'B 982 OPL',1,1,'2023-01-03 18:06:46','2023-01-04 18:53:48'),(27,'B 983 OPL',2,3,'2023-01-03 18:06:46','2023-01-04 18:53:48'),(35,'9-09-09-0808078070',2,3,'2023-01-06 08:51:24','2023-01-18 03:31:00');
/*!40000 ALTER TABLE `mobil` ENABLE KEYS */;
UNLOCK TABLES;

--
-- Table structure for table `mobil_jenis`
--

DROP TABLE IF EXISTS `mobil_jenis`;
/*!40101 SET @saved_cs_client     = @@character_set_client */;
/*!40101 SET character_set_client = utf8 */;
CREATE TABLE `mobil_jenis` (
  `id` int(11) NOT NULL AUTO_INCREMENT,
  `nama` varchar(500) DEFAULT NULL,
  `created_at` timestamp NULL DEFAULT NULL,
  `updated_at` timestamp NULL DEFAULT NULL,
  PRIMARY KEY (`id`) USING BTREE
) ENGINE=InnoDB AUTO_INCREMENT=3 DEFAULT CHARSET=latin1 ROW_FORMAT=DYNAMIC;
/*!40101 SET character_set_client = @saved_cs_client */;

--
-- Dumping data for table `mobil_jenis`
--

LOCK TABLES `mobil_jenis` WRITE;
/*!40000 ALTER TABLE `mobil_jenis` DISABLE KEYS */;
INSERT INTO `mobil_jenis` VALUES (1,'BAk','2023-01-03 16:58:25','2023-01-03 16:58:26'),(2,'ANGKOT','2023-01-03 16:58:25','2023-01-03 16:58:26');
/*!40000 ALTER TABLE `mobil_jenis` ENABLE KEYS */;
UNLOCK TABLES;

--
-- Table structure for table `model_has_permissions`
--

DROP TABLE IF EXISTS `model_has_permissions`;
/*!40101 SET @saved_cs_client     = @@character_set_client */;
/*!40101 SET character_set_client = utf8 */;
CREATE TABLE `model_has_permissions` (
  `permission_id` bigint(20) unsigned NOT NULL,
  `model_type` varchar(255) COLLATE utf8mb4_unicode_ci NOT NULL,
  `model_id` bigint(20) unsigned NOT NULL,
  PRIMARY KEY (`permission_id`,`model_id`,`model_type`),
  KEY `model_has_permissions_model_id_model_type_index` (`model_id`,`model_type`),
  CONSTRAINT `model_has_permissions_permission_id_foreign` FOREIGN KEY (`permission_id`) REFERENCES `permissions` (`id`) ON DELETE CASCADE
) ENGINE=InnoDB DEFAULT CHARSET=utf8mb4 COLLATE=utf8mb4_unicode_ci;
/*!40101 SET character_set_client = @saved_cs_client */;

--
-- Dumping data for table `model_has_permissions`
--

LOCK TABLES `model_has_permissions` WRITE;
/*!40000 ALTER TABLE `model_has_permissions` DISABLE KEYS */;
/*!40000 ALTER TABLE `model_has_permissions` ENABLE KEYS */;
UNLOCK TABLES;

--
-- Table structure for table `model_has_roles`
--

DROP TABLE IF EXISTS `model_has_roles`;
/*!40101 SET @saved_cs_client     = @@character_set_client */;
/*!40101 SET character_set_client = utf8 */;
CREATE TABLE `model_has_roles` (
  `role_id` bigint(20) unsigned NOT NULL,
  `model_type` varchar(255) COLLATE utf8mb4_unicode_ci NOT NULL,
  `model_id` bigint(20) unsigned NOT NULL,
  PRIMARY KEY (`role_id`,`model_id`,`model_type`),
  KEY `model_has_roles_model_id_model_type_index` (`model_id`,`model_type`),
  CONSTRAINT `model_has_roles_role_id_foreign` FOREIGN KEY (`role_id`) REFERENCES `roles` (`id`) ON DELETE CASCADE
) ENGINE=InnoDB DEFAULT CHARSET=utf8mb4 COLLATE=utf8mb4_unicode_ci;
/*!40101 SET character_set_client = @saved_cs_client */;

--
-- Dumping data for table `model_has_roles`
--

LOCK TABLES `model_has_roles` WRITE;
/*!40000 ALTER TABLE `model_has_roles` DISABLE KEYS */;
INSERT INTO `model_has_roles` VALUES (1,'App\\Models\\User',1);
/*!40000 ALTER TABLE `model_has_roles` ENABLE KEYS */;
UNLOCK TABLES;

--
-- Table structure for table `password_resets`
--

DROP TABLE IF EXISTS `password_resets`;
/*!40101 SET @saved_cs_client     = @@character_set_client */;
/*!40101 SET character_set_client = utf8 */;
CREATE TABLE `password_resets` (
  `email` varchar(255) COLLATE utf8mb4_unicode_ci NOT NULL,
  `token` varchar(255) COLLATE utf8mb4_unicode_ci NOT NULL,
  `created_at` timestamp NULL DEFAULT NULL,
  KEY `password_resets_email_index` (`email`)
) ENGINE=InnoDB DEFAULT CHARSET=utf8mb4 COLLATE=utf8mb4_unicode_ci;
/*!40101 SET character_set_client = @saved_cs_client */;

--
-- Dumping data for table `password_resets`
--

LOCK TABLES `password_resets` WRITE;
/*!40000 ALTER TABLE `password_resets` DISABLE KEYS */;
/*!40000 ALTER TABLE `password_resets` ENABLE KEYS */;
UNLOCK TABLES;

--
-- Table structure for table `pemilik_mobil`
--

DROP TABLE IF EXISTS `pemilik_mobil`;
/*!40101 SET @saved_cs_client     = @@character_set_client */;
/*!40101 SET character_set_client = utf8 */;
CREATE TABLE `pemilik_mobil` (
  `id` int(11) NOT NULL AUTO_INCREMENT,
  `nama` char(50) DEFAULT NULL,
  `kontak` char(50) DEFAULT NULL,
  `catatan` text,
  `created_at` timestamp NULL DEFAULT NULL,
  `updated_at` timestamp NULL DEFAULT NULL,
  PRIMARY KEY (`id`)
) ENGINE=InnoDB AUTO_INCREMENT=6 DEFAULT CHARSET=latin1 ROW_FORMAT=DYNAMIC;
/*!40101 SET character_set_client = @saved_cs_client */;

--
-- Dumping data for table `pemilik_mobil`
--

LOCK TABLES `pemilik_mobil` WRITE;
/*!40000 ALTER TABLE `pemilik_mobil` DISABLE KEYS */;
INSERT INTO `pemilik_mobil` VALUES (1,'Ade Sukron','082244261525',NULL,'2023-01-03 15:08:51','2023-01-06 07:29:32'),(3,'Lian Mafutra','082244261525',NULL,'2023-01-03 15:08:51','2023-01-03 15:08:52'),(5,'Joko','0823782632323',NULL,'2023-01-06 07:28:05','2023-01-06 08:16:52');
/*!40000 ALTER TABLE `pemilik_mobil` ENABLE KEYS */;
UNLOCK TABLES;

--
-- Table structure for table `permission_group`
--

DROP TABLE IF EXISTS `permission_group`;
/*!40101 SET @saved_cs_client     = @@character_set_client */;
/*!40101 SET character_set_client = utf8 */;
CREATE TABLE `permission_group` (
  `id` int(11) DEFAULT NULL,
  `permission_id` int(11) DEFAULT NULL,
  `name` varchar(500) DEFAULT NULL,
  `created_at` timestamp NULL DEFAULT NULL,
  `updated_at` timestamp NULL DEFAULT NULL
) ENGINE=InnoDB DEFAULT CHARSET=latin1;
/*!40101 SET character_set_client = @saved_cs_client */;

--
-- Dumping data for table `permission_group`
--

LOCK TABLES `permission_group` WRITE;
/*!40000 ALTER TABLE `permission_group` DISABLE KEYS */;
INSERT INTO `permission_group` VALUES (1,2,'pengajuan','2023-01-18 09:28:58','2023-01-18 09:28:58');
/*!40000 ALTER TABLE `permission_group` ENABLE KEYS */;
UNLOCK TABLES;

--
-- Table structure for table `permissions`
--

DROP TABLE IF EXISTS `permissions`;
/*!40101 SET @saved_cs_client     = @@character_set_client */;
/*!40101 SET character_set_client = utf8 */;
CREATE TABLE `permissions` (
  `id` bigint(20) unsigned NOT NULL AUTO_INCREMENT,
  `name` varchar(255) COLLATE utf8mb4_unicode_ci NOT NULL,
  `guard_name` varchar(255) COLLATE utf8mb4_unicode_ci NOT NULL,
  `created_at` timestamp NULL DEFAULT NULL,
  `updated_at` timestamp NULL DEFAULT NULL,
  PRIMARY KEY (`id`),
  UNIQUE KEY `permissions_name_guard_name_unique` (`name`,`guard_name`)
) ENGINE=InnoDB AUTO_INCREMENT=38 DEFAULT CHARSET=utf8mb4 COLLATE=utf8mb4_unicode_ci;
/*!40101 SET character_set_client = @saved_cs_client */;

--
-- Dumping data for table `permissions`
--

LOCK TABLES `permissions` WRITE;
/*!40000 ALTER TABLE `permissions` DISABLE KEYS */;
INSERT INTO `permissions` VALUES (1,'filemanager','web','2022-11-18 03:50:20','2022-11-18 03:50:20'),(2,'read module','web','2022-11-18 03:50:20','2022-11-18 03:50:20'),(3,'delete setting','web','2022-11-18 03:50:20','2022-11-18 03:50:20'),(4,'update setting','web','2022-11-18 03:50:20','2022-11-18 03:50:20'),(5,'read setting','web','2022-11-18 03:50:20','2022-11-18 03:50:20'),(6,'create setting','web','2022-11-18 03:50:20','2022-11-18 03:50:20'),(7,'delete user','web','2022-11-18 03:50:20','2022-11-18 03:50:20'),(8,'update user','web','2022-11-18 03:50:20','2022-11-18 03:50:20'),(9,'read user','web','2022-11-18 03:50:20','2022-11-18 03:50:20'),(10,'create user','web','2022-11-18 03:50:20','2022-11-18 03:50:20'),(11,'delete role','web','2022-11-18 03:50:20','2022-11-18 03:50:20'),(12,'update role','web','2022-11-18 03:50:20','2022-11-18 03:50:20'),(13,'read role','web','2022-11-18 03:50:20','2022-11-18 03:50:20'),(14,'create role','web','2022-11-18 03:50:20','2022-11-18 03:50:20'),(15,'delete permission','web','2022-11-18 03:50:20','2022-11-18 03:50:20'),(16,'update permission','web','2022-11-18 03:50:20','2022-11-18 03:50:20'),(17,'read permission','web','2022-11-18 03:50:20','2022-11-18 03:50:20'),(18,'create permission','web','2022-11-18 03:50:20','2022-11-18 03:50:20'),(19,'view_data_pegawai','web','2022-11-18 04:16:07','2022-11-18 04:16:07'),(20,'pengajuan menu','web','2022-11-18 04:41:26','2022-11-29 01:42:51'),(21,'pengajuan create','web','2022-11-22 02:08:40','2022-11-22 02:08:40'),(22,'pengajuan store','web','2022-11-22 07:59:32','2022-11-22 07:59:32'),(23,'pengajuan destroy','web','2022-11-22 07:59:43','2022-11-22 07:59:43'),(24,'pengajuan update','web','2022-11-22 07:59:50','2022-11-22 07:59:50'),(25,'profile menu','web','2022-11-29 01:43:03','2022-11-29 01:43:03'),(26,'pengajuan index','web','2022-11-29 01:43:44','2022-11-29 01:43:44'),(27,'pengajuan show','web','2022-12-03 09:27:42','2022-12-03 09:27:42'),(28,'pengajuan verifikasi kirim','web','2022-12-05 02:25:00','2022-12-05 02:38:16'),(29,'pengajuan verifikasi index','web','2022-12-05 02:38:59','2022-12-05 02:38:59'),(31,'pengajuan selesai','web','2022-12-06 03:06:08','2022-12-06 03:06:08'),(32,'pengajuan filter','web','2022-12-06 18:14:56','2022-12-06 18:14:56'),(33,'master rekom pegawai','web','2022-12-07 04:02:14','2022-12-07 04:02:31');
/*!40000 ALTER TABLE `permissions` ENABLE KEYS */;
UNLOCK TABLES;

--
-- Table structure for table `personal_access_tokens`
--

DROP TABLE IF EXISTS `personal_access_tokens`;
/*!40101 SET @saved_cs_client     = @@character_set_client */;
/*!40101 SET character_set_client = utf8 */;
CREATE TABLE `personal_access_tokens` (
  `id` bigint(20) unsigned NOT NULL AUTO_INCREMENT,
  `tokenable_type` varchar(255) COLLATE utf8mb4_unicode_ci NOT NULL,
  `tokenable_id` bigint(20) unsigned NOT NULL,
  `name` varchar(255) COLLATE utf8mb4_unicode_ci NOT NULL,
  `token` varchar(64) COLLATE utf8mb4_unicode_ci NOT NULL,
  `abilities` text COLLATE utf8mb4_unicode_ci,
  `last_used_at` timestamp NULL DEFAULT NULL,
  `created_at` timestamp NULL DEFAULT NULL,
  `updated_at` timestamp NULL DEFAULT NULL,
  PRIMARY KEY (`id`),
  UNIQUE KEY `personal_access_tokens_token_unique` (`token`),
  KEY `personal_access_tokens_tokenable_type_tokenable_id_index` (`tokenable_type`,`tokenable_id`)
) ENGINE=InnoDB DEFAULT CHARSET=utf8mb4 COLLATE=utf8mb4_unicode_ci;
/*!40101 SET character_set_client = @saved_cs_client */;

--
-- Dumping data for table `personal_access_tokens`
--

LOCK TABLES `personal_access_tokens` WRITE;
/*!40000 ALTER TABLE `personal_access_tokens` DISABLE KEYS */;
/*!40000 ALTER TABLE `personal_access_tokens` ENABLE KEYS */;
UNLOCK TABLES;

--
-- Table structure for table `role_has_permissions`
--

DROP TABLE IF EXISTS `role_has_permissions`;
/*!40101 SET @saved_cs_client     = @@character_set_client */;
/*!40101 SET character_set_client = utf8 */;
CREATE TABLE `role_has_permissions` (
  `permission_id` bigint(20) unsigned NOT NULL,
  `role_id` bigint(20) unsigned NOT NULL,
  PRIMARY KEY (`permission_id`,`role_id`),
  KEY `role_has_permissions_role_id_foreign` (`role_id`),
  CONSTRAINT `role_has_permissions_permission_id_foreign` FOREIGN KEY (`permission_id`) REFERENCES `permissions` (`id`) ON DELETE CASCADE,
  CONSTRAINT `role_has_permissions_role_id_foreign` FOREIGN KEY (`role_id`) REFERENCES `roles` (`id`) ON DELETE CASCADE
) ENGINE=InnoDB DEFAULT CHARSET=utf8mb4 COLLATE=utf8mb4_unicode_ci;
/*!40101 SET character_set_client = @saved_cs_client */;

--
-- Dumping data for table `role_has_permissions`
--

LOCK TABLES `role_has_permissions` WRITE;
/*!40000 ALTER TABLE `role_has_permissions` DISABLE KEYS */;
/*!40000 ALTER TABLE `role_has_permissions` ENABLE KEYS */;
UNLOCK TABLES;

--
-- Table structure for table `roles`
--

DROP TABLE IF EXISTS `roles`;
/*!40101 SET @saved_cs_client     = @@character_set_client */;
/*!40101 SET character_set_client = utf8 */;
CREATE TABLE `roles` (
  `id` bigint(20) unsigned NOT NULL AUTO_INCREMENT,
  `name` varchar(255) COLLATE utf8mb4_unicode_ci NOT NULL,
  `guard_name` varchar(255) COLLATE utf8mb4_unicode_ci NOT NULL,
  `created_at` timestamp NULL DEFAULT NULL,
  `updated_at` timestamp NULL DEFAULT NULL,
  PRIMARY KEY (`id`),
  UNIQUE KEY `roles_name_guard_name_unique` (`name`,`guard_name`)
) ENGINE=InnoDB AUTO_INCREMENT=6 DEFAULT CHARSET=utf8mb4 COLLATE=utf8mb4_unicode_ci;
/*!40101 SET character_set_client = @saved_cs_client */;

--
-- Dumping data for table `roles`
--

LOCK TABLES `roles` WRITE;
/*!40000 ALTER TABLE `roles` DISABLE KEYS */;
INSERT INTO `roles` VALUES (1,'superadmin','web','2022-11-18 03:50:20','2022-11-18 03:50:20');
/*!40000 ALTER TABLE `roles` ENABLE KEYS */;
UNLOCK TABLES;

--
-- Table structure for table `setoran`
--

DROP TABLE IF EXISTS `setoran`;
/*!40101 SET @saved_cs_client     = @@character_set_client */;
/*!40101 SET character_set_client = utf8 */;
CREATE TABLE `setoran` (
  `id` int(11) NOT NULL AUTO_INCREMENT,
  `pemilik_mobil_id` int(11) DEFAULT NULL,
  `supir_id` int(11) DEFAULT NULL,
  `supir_nama` varchar(50) DEFAULT NULL,
  `mobil_id` int(11) DEFAULT NULL,
  `uang_jalan` int(11) DEFAULT NULL,
  `pg` int(11) DEFAULT NULL,
  `uang_tambahan` int(11) DEFAULT '0',
  `uang_kurangan` int(11) DEFAULT '0',
  `tgl_ambil_uang_jalan` date DEFAULT NULL,
  `tgl_muat` date DEFAULT NULL,
  `tgl_bongkar` date DEFAULT NULL,
  `berat` int(20) DEFAULT '0',
  `tujuan_id` int(11) DEFAULT NULL,
  `tujuan_nama` varchar(50) DEFAULT NULL,
  `status_pembayaran` varchar(50) DEFAULT 'belum lunas',
  `status_pencairan` varchar(20) DEFAULT '0',
  `transportir_id` int(11) DEFAULT NULL,
  `transportir_nama` varchar(50) DEFAULT NULL,
  `foto` text,
  `uuid` varchar(100) DEFAULT NULL,
  `updated_at` datetime DEFAULT NULL,
  `created_at` datetime DEFAULT NULL,
  PRIMARY KEY (`id`) USING BTREE
) ENGINE=InnoDB AUTO_INCREMENT=20 DEFAULT CHARSET=utf8mb4 ROW_FORMAT=DYNAMIC;
/*!40101 SET character_set_client = @saved_cs_client */;

--
-- Dumping data for table `setoran`
--

LOCK TABLES `setoran` WRITE;
/*!40000 ALTER TABLE `setoran` DISABLE KEYS */;
INSERT INTO `setoran` VALUES (16,NULL,3,'Udin',NULL,67000,10000,60000,79999,'2023-01-06','2023-01-18',NULL,6,3,'TEBAT PATAH','belum lunas','0',3,'ADS',NULL,NULL,'2023-01-18 11:31:25','2023-01-15 22:18:55'),(17,NULL,1,'Andi',NULL,788888,80000,690000,89999,'2023-01-15','2023-01-19',NULL,56,3,'TEBAT PATAH','belum lunas','0',1,'PT NAN RAING',NULL,NULL,'2023-01-18 11:08:28','2023-01-15 23:19:53');
/*!40000 ALTER TABLE `setoran` ENABLE KEYS */;
UNLOCK TABLES;

--
-- Table structure for table `settings`
--

DROP TABLE IF EXISTS `settings`;
/*!40101 SET @saved_cs_client     = @@character_set_client */;
/*!40101 SET character_set_client = utf8 */;
CREATE TABLE `settings` (
  `id` bigint(20) unsigned NOT NULL AUTO_INCREMENT,
  `key` varchar(255) COLLATE utf8mb4_unicode_ci NOT NULL,
  `value` text COLLATE utf8mb4_unicode_ci NOT NULL,
  `name` varchar(255) COLLATE utf8mb4_unicode_ci NOT NULL,
  `type` varchar(255) COLLATE utf8mb4_unicode_ci NOT NULL,
  `ext` varchar(255) COLLATE utf8mb4_unicode_ci DEFAULT NULL,
  `category` enum('information','contact','payment','email','api') COLLATE utf8mb4_unicode_ci DEFAULT 'information',
  `created_at` timestamp NULL DEFAULT NULL,
  `updated_at` timestamp NULL DEFAULT NULL,
  PRIMARY KEY (`id`),
  UNIQUE KEY `settings_key_unique` (`key`)
) ENGINE=InnoDB AUTO_INCREMENT=7 DEFAULT CHARSET=utf8mb4 COLLATE=utf8mb4_unicode_ci;
/*!40101 SET character_set_client = @saved_cs_client */;

--
-- Dumping data for table `settings`
--

LOCK TABLES `settings` WRITE;
/*!40000 ALTER TABLE `settings` DISABLE KEYS */;
INSERT INTO `settings` VALUES (1,'app_name','Do Batu Bara','Application Short Name','text',NULL,'information','2022-11-18 03:50:20','2023-01-18 03:51:11'),(2,'app_short_name','Do Batu Bara','Application Name','text',NULL,'information','2022-11-18 03:50:20','2023-01-18 03:51:11'),(3,'app_logo','storage/logo_kota.png','Application Logo','file','png','information','2022-11-18 03:50:20','2023-01-18 03:51:11'),(4,'app_favicon','storage/logo_kota.png','Application Favicon','file','png','information','2022-11-18 03:50:20','2023-01-18 03:51:11'),(5,'app_loading_gif','storage/logo_kota.png','Application Loading Image','file','gif','information','2022-11-18 03:50:20','2023-01-18 03:51:11'),(6,'app_map_loaction','none','Application Map Location','textarea',NULL,'contact','2022-11-18 03:50:20','2023-01-18 03:51:15');
/*!40000 ALTER TABLE `settings` ENABLE KEYS */;
UNLOCK TABLES;

--
-- Table structure for table `supir`
--

DROP TABLE IF EXISTS `supir`;
/*!40101 SET @saved_cs_client     = @@character_set_client */;
/*!40101 SET character_set_client = utf8 */;
CREATE TABLE `supir` (
  `id` int(11) NOT NULL AUTO_INCREMENT,
  `nama` char(50) DEFAULT NULL,
  `kontak` char(50) DEFAULT NULL,
  `catatan` text,
  `created_at` timestamp NULL DEFAULT NULL,
  `updated_at` timestamp NULL DEFAULT NULL,
  PRIMARY KEY (`id`)
) ENGINE=InnoDB AUTO_INCREMENT=6 DEFAULT CHARSET=latin1 ROW_FORMAT=DYNAMIC;
/*!40101 SET character_set_client = @saved_cs_client */;

--
-- Dumping data for table `supir`
--

LOCK TABLES `supir` WRITE;
/*!40000 ALTER TABLE `supir` DISABLE KEYS */;
INSERT INTO `supir` VALUES (1,'Andi','082244261525',NULL,'2023-01-03 15:08:51','2023-01-06 07:29:32'),(3,'Udin','082244261525',NULL,'2023-01-03 15:08:51','2023-01-03 15:08:52'),(5,'Dedek','0823782632323',NULL,'2023-01-06 07:28:05','2023-01-07 10:23:49');
/*!40000 ALTER TABLE `supir` ENABLE KEYS */;
UNLOCK TABLES;

--
-- Table structure for table `transportir`
--

DROP TABLE IF EXISTS `transportir`;
/*!40101 SET @saved_cs_client     = @@character_set_client */;
/*!40101 SET character_set_client = utf8 */;
CREATE TABLE `transportir` (
  `id` int(11) NOT NULL AUTO_INCREMENT,
  `nama` char(50) DEFAULT NULL,
  `created_at` timestamp NULL DEFAULT NULL,
  `updated_at` timestamp NULL DEFAULT NULL,
  PRIMARY KEY (`id`)
) ENGINE=InnoDB AUTO_INCREMENT=6 DEFAULT CHARSET=latin1 ROW_FORMAT=DYNAMIC;
/*!40101 SET character_set_client = @saved_cs_client */;

--
-- Dumping data for table `transportir`
--

LOCK TABLES `transportir` WRITE;
/*!40000 ALTER TABLE `transportir` DISABLE KEYS */;
INSERT INTO `transportir` VALUES (1,'PT NAN RAING','2023-01-03 15:08:51','2023-01-06 07:29:32'),(3,'ADS','2023-01-03 15:08:51','2023-01-03 15:08:52'),(5,'DSH','2023-01-06 07:28:05','2023-01-06 08:38:07');
/*!40000 ALTER TABLE `transportir` ENABLE KEYS */;
UNLOCK TABLES;

--
-- Table structure for table `tujuan`
--

DROP TABLE IF EXISTS `tujuan`;
/*!40101 SET @saved_cs_client     = @@character_set_client */;
/*!40101 SET character_set_client = utf8 */;
CREATE TABLE `tujuan` (
  `id` int(11) NOT NULL AUTO_INCREMENT,
  `nama` char(50) DEFAULT NULL,
  `created_at` timestamp NULL DEFAULT NULL,
  `updated_at` timestamp NULL DEFAULT NULL,
  PRIMARY KEY (`id`)
) ENGINE=InnoDB AUTO_INCREMENT=6 DEFAULT CHARSET=latin1 ROW_FORMAT=DYNAMIC;
/*!40101 SET character_set_client = @saved_cs_client */;

--
-- Dumping data for table `tujuan`
--

LOCK TABLES `tujuan` WRITE;
/*!40000 ALTER TABLE `tujuan` DISABLE KEYS */;
INSERT INTO `tujuan` VALUES (1,'BHS','2023-01-03 15:08:51','2023-01-06 07:29:32'),(3,'TEBAT PATAH','2023-01-03 15:08:51','2023-01-03 15:08:52'),(5,'KAI','2023-01-06 07:28:05','2023-01-06 08:38:07');
/*!40000 ALTER TABLE `tujuan` ENABLE KEYS */;
UNLOCK TABLES;

--
-- Table structure for table `users`
--

DROP TABLE IF EXISTS `users`;
/*!40101 SET @saved_cs_client     = @@character_set_client */;
/*!40101 SET character_set_client = utf8 */;
CREATE TABLE `users` (
  `id` int(11) NOT NULL AUTO_INCREMENT,
  `username` varchar(500) COLLATE utf8mb4_unicode_ci NOT NULL,
  `name` varchar(255) COLLATE utf8mb4_unicode_ci DEFAULT NULL,
  `kontak` varchar(255) COLLATE utf8mb4_unicode_ci DEFAULT NULL,
  `foto` varchar(255) COLLATE utf8mb4_unicode_ci DEFAULT NULL,
  `foto_path` varchar(255) COLLATE utf8mb4_unicode_ci DEFAULT NULL,
  `password` varchar(255) COLLATE utf8mb4_unicode_ci NOT NULL,
  `remember_token` varchar(100) COLLATE utf8mb4_unicode_ci DEFAULT NULL,
  `created_at` timestamp NULL DEFAULT NULL,
  `updated_at` timestamp NULL DEFAULT NULL,
  PRIMARY KEY (`id`),
  UNIQUE KEY `username` (`username`)
) ENGINE=InnoDB AUTO_INCREMENT=2 DEFAULT CHARSET=utf8mb4 COLLATE=utf8mb4_unicode_ci;
/*!40101 SET character_set_client = @saved_cs_client */;

--
-- Dumping data for table `users`
--

LOCK TABLES `users` WRITE;
/*!40000 ALTER TABLE `users` DISABLE KEYS */;
INSERT INTO `users` VALUES (1,'superadmin','Lian Mafutra','082244261525',NULL,NULL,'$2y$10$0TCZyv09VXo58L2.JmjSeen0p126nwBE9LkBK41zy1TQ0.ftCASLG','Tc7kVUAW72LPv0KLVIXOR9hZqbDLESOoG6L7rxeogph0BOeWXwjmCUGikpWc','2022-11-23 09:04:52','2023-01-03 14:02:24');
/*!40000 ALTER TABLE `users` ENABLE KEYS */;
UNLOCK TABLES;
/*!40103 SET TIME_ZONE=@OLD_TIME_ZONE */;

/*!40101 SET SQL_MODE=@OLD_SQL_MODE */;
/*!40014 SET FOREIGN_KEY_CHECKS=@OLD_FOREIGN_KEY_CHECKS */;
/*!40014 SET UNIQUE_CHECKS=@OLD_UNIQUE_CHECKS */;
/*!40101 SET CHARACTER_SET_CLIENT=@OLD_CHARACTER_SET_CLIENT */;
/*!40101 SET CHARACTER_SET_RESULTS=@OLD_CHARACTER_SET_RESULTS */;
/*!40101 SET COLLATION_CONNECTION=@OLD_COLLATION_CONNECTION */;
/*!40111 SET SQL_NOTES=@OLD_SQL_NOTES */;

-- Dump completed on 2023-01-18 16:29:05
